solution_concentration,polymer_mw,polymer_dispersity,hole_mobility,post_process,film_deposition_type_spin,delta_p,blend_conjugated_polymer,insulating_polymer,substrate_pretreat_sam,solution_treatment_poor_solvent
4,299,3.32,0.11,1,1,2.1,0,0,0,0
4,299,3.32,0.29,1,1,2.1,0,0,1,0
4,299,3.32,0.23,1,1,2.1,0,0,1,0
4,299,3.32,0.73,1,1,2.1,0,0,1,0
4,299,3.32,1.86,1,1,2.1,0,0,1,0
4,299,3.32,0.21,1,1,2.1,0,0,1,0
4,299,3.32,0.34,1,1,2.1,0,0,1,0
4,299,3.32,0.24,1,1,2.1,0,0,1,0
4,299,3.32,1.97,1,1,2.1,0,0,1,0
4,299,3.32,0.69,1,1,2.1,0,0,1,0
4,299,3.32,2.04,1,1,2.1,0,0,1,0
5,292.2,3.9,0.81,1,1,3.1,0,0,0,0
5,292.2,3.9,1.53,1,1,3.1,0,1,0,0
5,292.2,3.9,0.9,1,1,3.1,0,1,0,0
5,292.2,3.9,1.1,1,1,3.1,0,1,0,0
5,292.2,3.9,1.25,1,1,3.1,0,1,0,0
5,292.2,3.9,1.3,1,1,3.1,0,1,0,0
5,292.2,3.9,1.25,1,1,3.1,0,1,0,0
5,292.2,3.9,0.9,1,1,3.1,0,1,0,0
5,292.2,3.9,0.6,1,1,3.1,0,1,0,0
5,501,4.55,6.85,1,1,2.1,0,0,1,0
5,501,4.55,7.25,1,1,2.1,0,0,1,0
5,501,4.55,5.75,1,1,2.1,0,0,1,0
5,501,4.55,7.95,1,1,2.1,0,0,1,0
5,501,4.55,7.85,1,1,2.1,0,0,1,0
5,501,4.55,0.15,1,1,2.1,0,0,1,0
5,501,4.55,2.1,1,1,2.1,0,0,1,0
5,501,4.55,9,1,1,2.1,0,0,1,0
5,501,4.55,4.4,1,0,2.1,0,0,1,0
5,501,4.55,2.65,1,0,2.1,0,0,1,0
5,501,4.55,3.5,1,1,2.1,0,0,1,0
4,199,3.62,1.16,1,1,3.08,0,0,1,0
4,199,3.62,3.39,1,1,3.08,0,1,1,0
4,199,3.62,5.8,1,1,3.08,0,1,1,0
4,199,3.62,6.76,1,1,3.08,0,1,1,0
4,199,3.62,2.57,1,1,3.08,0,1,1,0
4,199,3.62,6,1,1,3.08,0,1,1,0
4,199,3.62,5,1,1,3.08,0,1,1,0
4,199,3.62,4,1,1,3.08,0,1,1,0
3,290,2.03,0.0484,1,1,3.08,0,0,1,0
3,290,2.03,0.1812,1,1,3.08,0,0,1,0
7,290,2.03,0.0901,1,1,3.08,0,0,1,0
7,290,2.03,0.0641,1,1,3.08,0,0,1,0
6.5,100,3,0.2,1,1,3.1,0,0,0,0
1.6,279,3.65,0.09,1,1,3.1,0,0,1,0
1.6,279,3.65,0.14,1,1,3.1,0,0,1,1
0.5,102,2,0.00015,1,0,3.1,0,0,1,0
0.75,102,2,0.02,1,0,3.1,0,0,1,0
1,102,2,0.06,1,0,3.1,0,0,1,0
2,102,2,0.15,1,0,3.1,0,0,1,0
5,102,2,0.45,1,0,3.1,0,0,1,0
0.5,102,2,0.00045,1,0,3.1,0,0,1,0
0.75,102,2,0.45,1,0,3.1,0,0,1,0
1,102,2,0.2,1,0,3.1,0,0,1,0
2,102,2,0.8,1,0,3.1,0,0,1,0
5,102,2,0.5,1,0,3.1,0,0,1,0
5,104,5.2,0.1,1,0,3.1,0,0,1,0
7,104,5.2,0.17,1,0,3.1,0,0,1,0
8.5,104,5.2,0.15,1,0,3.1,0,0,1,0
10,104,5.2,0.28,1,0,3.1,0,0,1,0
12,104,5.2,0.2,1,0,3.1,0,0,1,0
14,104,5.2,0.29,1,0,3.1,0,0,1,0
16,104,5.2,0.325,1,0,3.1,0,0,1,0
18,104,5.2,0.36,1,0,3.1,0,0,1,0
25,104,5.2,0.4,1,0,3.1,0,0,1,0
5,104,5.2,0.18,1,0,3.1,0,0,1,0
7,104,5.2,0.28,1,0,3.1,0,0,1,0
8.5,104,5.2,0.23,1,0,3.1,0,0,1,0
10,104,5.2,0.315,1,0,3.1,0,0,1,0
12,104,5.2,0.18,1,0,3.1,0,0,1,0
14,104,5.2,0.28,1,0,3.1,0,0,1,0
16,104,5.2,0.3,1,0,3.1,0,0,1,0
18,104,5.2,0.28,1,0,3.1,0,0,1,0
25,104,5.2,0.275,1,0,3.1,0,0,1,0
3,104,5.2,0.08,1,0,3.1,0,0,1,0
5,104,5.2,0.125,1,0,3.1,0,0,1,0
7,104,5.2,0.08,1,0,3.1,0,0,1,0
8.5,104,5.2,0.08,1,0,3.1,0,0,1,0
10,104,5.2,0.08,1,0,3.1,0,0,1,0
12,104,5.2,0.13,1,0,3.1,0,0,1,0
14,104,5.2,0.125,1,0,3.1,0,0,1,0
16,104,5.2,0.05,1,0,3.1,0,0,1,0
18,104,5.2,0.075,1,0,3.1,0,0,1,0
25,104,5.2,0.095,1,0,3.1,0,0,1,0
3,104,5.2,0.055,1,0,3.1,0,0,1,0
5,104,5.2,0.325,1,0,3.1,0,0,1,0
7,104,5.2,0.3,1,0,3.1,0,0,1,0
10,104,5.2,0.35,1,0,3.1,0,0,1,0
12,104,5.2,0.38,1,0,3.1,0,0,1,0
14,104,5.2,0.425,1,0,3.1,0,0,1,0
18,104,5.2,0.4,1,0,3.1,0,0,1,0
25,104,5.2,0.3,1,0,3.1,0,0,1,0
3,292,2.03,0.336,1,0,2.1,0,0,1,0
4,292,2.03,0.401,1,0,2.1,0,0,1,0
5,292,2.03,0.56,1,0,2.1,0,0,1,0
6,292,2.03,0.442,1,0,2.1,0,0,1,0
8,292,2.03,0.397,1,0,2.1,0,0,1,0
5,255,2.7,0.8,0,1,3.08,0,0,1,0
10,193.5,3.87,0.47,1,1,3.08,0,0,0,0
10,193.5,3.87,1.23,1,1,3.08,0,0,0,0
10,193.5,3.87,0.93,1,1,3.08,0,0,0,0
10,193.5,3.87,1.36,1,1,3.08,0,0,0,0
8,54.79,2.73,0.16,0,0,3.1,0,0,1,0
8,54.79,2.73,0.32,0,0,3.1,0,0,1,0
12,54.79,2.73,0.24,0,0,3.1,0,0,1,0
12,54.79,2.73,0.27,0,0,3.1,0,0,1,0
27,54.79,2.73,0.25,0,0,3.1,0,0,1,0
27,54.79,2.73,0.2,0,0,3.1,0,0,1,0
4,250,3.67,0.8,1,1,3.08,0,0,1,0
2,204,3.1,0.042815914,1,0,2.1,0,0,0,0
6,204,3.1,0.113931203,1,0,2.1,0,0,0,0
10,204,3.1,0.061765646,1,0,2.1,0,0,0,0
5,204,3.1,0.22,1,0,2.1,0,0,0,0
5,292,2.03,0.105,1,0,2.1,0,0,0,0
5,204,3.1,0.077,1,0,2.1,0,0,0,0
5,110,2.5,0.052,1,0,2.1,0,0,0,0
5,152,2.76,0.047,1,0,2.1,0,0,0,0
5,292,2.03,0.104,1,0,2.1,0,0,0,0
5,204,3.1,0.187176952,1,0,2.1,0,1,1,0
5,204,3.1,0.190528892,1,0,2.1,0,1,1,0
5,204,3.1,0.180283392,1,0,2.1,0,1,1,0
5,204,3.1,0.159097091,1,0,2.1,0,1,1,0
5,204,3.1,0.129223278,1,0,2.1,0,0,1,0
5,292,2.03,0.143916963,1,0,2.1,0,1,0,0
5,292,2.03,0.176246253,1,0,2.1,0,1,0,0
5,292,2.03,0.174301807,1,0,2.1,0,1,0,0
5,292,2.03,0.092924906,1,0,2.1,0,1,0,0
5,292,2.03,0.074402888,1,0,2.1,0,0,0,0
5,292,2.03,0.124165231,1,0,2.1,0,1,1,0
5,292,2.03,0.370376245,1,0,2.1,0,1,1,0
5,292,2.03,0.319754,1,0,2.1,0,1,1,0
5,292,2.03,0.257337819,1,0,2.1,0,1,1,0
5,292,2.03,0.193502465,1,0,2.1,0,0,1,0
2,204,3.1,0.012535433,1,0,2.1,0,0,0,0
4,204,3.1,0.038332987,1,0,2.1,0,0,0,0
6,204,3.1,0.101182024,1,0,2.1,0,0,0,0
7,204,3.1,0.198600871,1,0,2.1,0,0,0,0
8,204,3.1,0.163841797,1,0,2.1,0,0,0,0
10,204,3.1,0.170187205,1,0,2.1,0,0,0,0
2,110,2.5,0.000412427,1,0,2.1,0,0,0,0
4,110,2.5,0.007139338,1,0,2.1,0,0,0,0
6,110,2.5,0.03741155,1,0,2.1,0,0,0,0
8,110,2.5,0.072671825,1,0,2.1,0,0,0,0
9,110,2.5,0.0637786,1,0,2.1,0,0,0,0
10,110,2.5,0.027641647,1,0,2.1,0,0,0,0
12,110,2.5,0.046912305,1,0,2.1,0,0,0,0
2,204,3.1,0.011942893,1,0,2.1,0,0,1,0
4,204,3.1,0.042119677,1,0,2.1,0,0,1,0
6,204,3.1,0.148003545,1,0,2.1,0,0,1,0
7,204,3.1,0.111808435,1,0,2.1,0,0,1,0
8,204,3.1,0.163626472,1,0,2.1,0,0,1,0
10,204,3.1,0.141647659,1,0,2.1,0,0,1,0
